experiment,label,AP,AP5,AP75,AP_M,AP_L,AR,AR5,AR75,AR_M,AR_L
standard,clean_0,0.7214629728067458,0.915237997858988,0.8012597059751317,0.6949424345482939,0.7633114216387776,0.7539515113350126,0.9283690176322418,0.820528967254408,0.7230538104343076,0.8006688963210703
standard,gaussian_noise_0,0.6145279208982358,0.8526074017288207,0.6752680551804685,0.5482659356064409,0.7139736768021434,0.6511964735516373,0.8698047858942065,0.7068639798488665,0.5778748975689704,0.7549609810479376
standard,gaussian_noise_1,0.5559846083195434,0.8089576345348359,0.6005966053716981,0.46752037272886643,0.6791703343579171,0.5930415617128464,0.8265113350125944,0.6349181360201511,0.5003277792952745,0.7231140839836493
standard,gaussian_noise_2,0.47082091141063775,0.7342775057928238,0.5066751548873945,0.36626669411269464,0.6148010833916879,0.509493073047859,0.756926952141058,0.5409319899244333,0.39754165528544116,0.6643998513563731
standard,gaussian_noise_3,0.36469262639607686,0.6281567952711766,0.3653251334110403,0.2460235917103478,0.5237994312208386,0.4031171284634761,0.6520780856423174,0.40601385390428213,0.27705544933078396,0.5757710888145671
standard,gaussian_noise_4,0.23808665849756921,0.4604671395710313,0.21996867902219938,0.12444267089298924,0.39015049036955307,0.2745434508816121,0.49732367758186397,0.2636964735516373,0.1524446872439224,0.44165737643998515
standard,shot_noise_0,0.6369824728316252,0.872563108134491,0.7068974146065069,0.5762333879926153,0.725759098043831,0.6725283375314862,0.8868073047858942,0.7339420654911839,0.6065829008467631,0.7662207357859531
standard,shot_noise_1,0.5757366798593165,0.8289117965415269,0.6311104293453297,0.4953274100666881,0.6865871162316154,0.611712846347607,0.8408375314861462,0.6607367758186398,0.5270144769188747,0.7303604607952434
standard,shot_noise_2,0.49715308142746023,0.7662249169154541,0.5283898749002073,0.39881171632632206,0.6309209835892806,0.5349968513853904,0.7813287153652393,0.5683249370277078,0.4307293089319858,0.6795615013006316
standard,shot_noise_3,0.3710202511421612,0.6397762020856089,0.37659764375934185,0.2520318897000038,0.5314362017682015,0.410705289672544,0.6665617128463476,0.42018261964735515,0.28484020759355366,0.5837978446674099
standard,shot_noise_4,0.288561153581928,0.5439896696734401,0.26935030383635605,0.175408134955938,0.4406817205838578,0.32651133501259444,0.5725755667506297,0.31863979848866497,0.20426113083856873,0.49386845039018945
standard,impulse_noise_0,0.5973254852492548,0.8409871427244666,0.6552521567179133,0.5299655796796912,0.6936501808728013,0.6331391687657429,0.8556360201511335,0.6868702770780857,0.560693799508331,0.735934596804162
standard,impulse_noise_1,0.5348823818614211,0.797990688454833,0.5773313603379839,0.4452136236303109,0.656638157920768,0.5723394206549118,0.8137594458438288,0.6114609571788413,0.4785304561595193,0.7027499070977332
standard,impulse_noise_2,0.48369947648233447,0.7554250052961821,0.5135787810305337,0.3848836528555863,0.6191402473479939,0.5231895465994961,0.7747166246851386,0.552896725440806,0.41843758535919157,0.6681902638424377
standard,impulse_noise_3,0.36991601456247153,0.6388669904376207,0.37186257330043754,0.25485829277333705,0.5245628886948595,0.40898929471032747,0.663727959697733,0.416404282115869,0.2858235454793772,0.5777777777777777
standard,impulse_noise_4,0.2552893365180616,0.48947293800010894,0.23654097607454866,0.14328718894278908,0.4038514289204336,0.29245906801007554,0.5253463476070529,0.28211586901763225,0.17350450696531,0.4549981419546637
standard,defocus_blur_0,0.5865401547955481,0.849853504501781,0.6412030788069645,0.48672409713116305,0.7222722758061187,0.6248740554156171,0.866971032745592,0.6728589420654912,0.5236001092597651,0.7663693794128577
standard,defocus_blur_1,0.5235901185580533,0.7962327558600707,0.5570276350863776,0.39691615239490335,0.6940356221006226,0.563727959697733,0.8162783375314862,0.5954030226700252,0.435536738596012,0.7416202155332591
standard,defocus_blur_2,0.41829360991603376,0.6908334216509922,0.42591893445933254,0.2592950387411342,0.6310737890839803,0.4590837531486146,0.7150503778337531,0.46977329974811083,0.2953291450423382,0.6840208101077666
standard,defocus_blur_3,0.3376053460987371,0.5948737311052764,0.33614560886770123,0.15995069154516114,0.5697949001876397,0.3766845088161209,0.6209068010075567,0.3790931989924433,0.19371756350723845,0.6270531400966185
standard,defocus_blur_4,0.2691524663083042,0.49237468784953137,0.26159758920070847,0.09422615046433311,0.5004562016676103,0.30647040302267003,0.52455919395466,0.3021095717884131,0.12070472548484021,0.5602749907097734
standard,glass_blur_0,0.5777063304089435,0.8513292586384124,0.6308604070571106,0.4786799414650089,0.7148787064938181,0.616404282115869,0.8698047858942065,0.6634130982367759,0.5137394154602568,0.7595317725752507
standard,glass_blur_1,0.5319681167927127,0.8083174767301634,0.5681960134209616,0.409423954871903,0.6961319983802897,0.570103904282116,0.8290302267002518,0.6037468513853904,0.4450969680415187,0.7438498699368266
standard,glass_blur_2,0.36737658546594315,0.6586381763389196,0.3642985471744383,0.1965748912587598,0.5908443203735341,0.4078872795969774,0.6802581863979849,0.4105793450881612,0.23397978694345806,0.6464882943143813
standard,glass_blur_3,0.3465173731463839,0.6179637140873085,0.3408511301471961,0.17413000647761617,0.5731119494521638,0.38583123425692695,0.6445214105793451,0.38727959697733,0.20773012838022392,0.6301003344481605
standard,glass_blur_4,0.2819638655913627,0.5257294551120287,0.2702906745824875,0.10876312519457565,0.5094198737970067,0.3206234256926952,0.5584068010075567,0.31816750629722923,0.13859601201857413,0.5695280564845782
standard,motion_blur_0,0.609485479251591,0.8707251995074344,0.6702513585843135,0.51263443983376,0.7417892013982049,0.646536523929471,0.8852329974811083,0.7007241813602015,0.5504780114722754,0.7811965811965812
standard,motion_blur_1,0.5071311202506189,0.8051675880065368,0.5205594679608818,0.3646140778855727,0.6976150842548793,0.5491026448362721,0.8216309823677582,0.5637594458438288,0.4072384594373122,0.7450761798587886
standard,motion_blur_2,0.3797762957802446,0.6678990499480846,0.3745823658567265,0.20354269501505562,0.6140205929386897,0.4239609571788413,0.6983627204030227,0.4245906801007557,0.24400437039060363,0.6709030100334448
standard,motion_blur_3,0.26879162573252313,0.5368582577449433,0.24266205453328238,0.09626036870486472,0.4945868132873826,0.3120119647355163,0.5719458438287154,0.2972292191435768,0.12999180551761813,0.5607209215904868
standard,motion_blur_4,0.21257928310537463,0.4540938872176323,0.18093891642195942,0.05809496772498276,0.4123262188523353,0.2532430730478589,0.49511964735516373,0.2307934508816121,0.08647910406992625,0.4807506503158677
standard,zoom_blur_0,0.26875098394649827,0.5089174515095665,0.2542666859273481,0.12451822533330088,0.46347978505727905,0.30642317380352646,0.5360516372795969,0.3006926952141058,0.1448784485113357,0.527238944630249
standard,zoom_blur_1,0.18495557182909772,0.40409959499539216,0.1442115818366882,0.07170223050251856,0.33791027418886666,0.22148929471032747,0.43073047858942065,0.1980478589420655,0.08396612947282164,0.40932738758825715
standard,zoom_blur_2,0.14709737426986327,0.3627743126921773,0.09469477828756634,0.06083407095225036,0.2655980978065463,0.18698047858942068,0.39955919395465994,0.15239294710327456,0.07656378038787216,0.3379041248606466
standard,zoom_blur_3,0.10137888730649598,0.28765675926478507,0.04474502702225852,0.037201847743357164,0.1899742026747956,0.1379250629722922,0.32824307304785894,0.09760705289672544,0.049740508057907674,0.25830546265328874
standard,zoom_blur_4,0.08189930173750293,0.2573914475675266,0.027367114427012014,0.03881032459699479,0.14486500229896498,0.12018261964735517,0.3024244332493703,0.07745591939546599,0.052909041245561325,0.21211445559271644
standard,snow_0,0.6057682784961232,0.8513267001388255,0.6632032681242036,0.5587112806933175,0.6731526586012164,0.6411209068010075,0.8639798488664987,0.6969458438287154,0.5884457798415734,0.7164994425863991
standard,snow_1,0.5126150999768812,0.7771873445485816,0.5460510977615125,0.4514155510990335,0.6003565415315454,0.5502676322418136,0.7958123425692695,0.5850125944584383,0.48019666757716467,0.6483463396506874
standard,snow_2,0.4994389803811893,0.7756210109099663,0.5334159958980395,0.44976144783305255,0.5712480635245953,0.5377518891687658,0.7906171284634761,0.5747795969773299,0.4794591641627971,0.619472315124489
standard,snow_3,0.41740843680781947,0.7008085410037662,0.4264310087351982,0.361841002182646,0.4980943782958213,0.45802896725440806,0.7221347607052897,0.4748110831234257,0.3935536738596012,0.5474173169825344
standard,snow_4,0.42766079446210176,0.7111112215788115,0.43787498053543655,0.3667599473735038,0.5149299037095421,0.46985201511335006,0.7381926952141058,0.48740554156171284,0.39816989893471727,0.5693422519509476
standard,frost_0,0.619359252871081,0.8599690657951898,0.6809780845462389,0.5620119477718434,0.7000118433905516,0.6562972292191436,0.8753148614609572,0.71205919395466,0.5952198852772467,0.7435154217762915
standard,frost_1,0.5377611049730775,0.7959370221173112,0.5840110589978711,0.47111643705548134,0.6328331193016856,0.5779439546599496,0.8173803526448362,0.6204345088161209,0.5054629882545751,0.6794128576737273
standard,frost_2,0.4771319039857477,0.7523231206868126,0.49945928396928607,0.4056087121338659,0.5775949955447076,0.5194741813602015,0.7789672544080605,0.5459697732997482,0.44108167167440604,0.6282794500185804
standard,frost_3,0.46184244331870516,0.7408350849793801,0.480678200084767,0.3886600342568503,0.5628581221121441,0.503463476070529,0.7654282115869018,0.5269206549118388,0.4236001092597652,0.6141211445559271
standard,frost_4,0.4184153984648097,0.6880308499294738,0.42818779678354896,0.34252115203502853,0.5254757702854727,0.46237405541561716,0.7191435768261965,0.4776448362720403,0.3781207320404261,0.5785209959123002
standard,fog_0,0.6325478407221204,0.8721814671028516,0.7046713562557836,0.571852707652055,0.7226705849021581,0.6694741813602014,0.8847607052896725,0.7301637279596978,0.6035509423654739,0.7632850241545893
standard,fog_1,0.6157992883285061,0.8612842940687075,0.6824234413443826,0.5497232254603713,0.7085645106163818,0.6526920654911839,0.8765743073047859,0.7104848866498741,0.5829281617044523,0.7513192121887774
standard,fog_2,0.594281681582504,0.8500720387839757,0.6520147620135572,0.524957946918044,0.6931450659595095,0.6332178841309823,0.8620906801007556,0.6876574307304786,0.5593553673859601,0.7374581939799332
standard,fog_3,0.5920798779954288,0.841204830786146,0.6520595893312885,0.5243444464227391,0.6885341208308409,0.6304156171284635,0.8583123425692695,0.6843513853904282,0.558945643266867,0.7312894834633965
standard,fog_4,0.5600799476363642,0.8198062425289765,0.6088508322912178,0.494496542999705,0.6549237221830687,0.600110201511335,0.8398929471032746,0.6456234256926953,0.5290630975143404,0.7000371609067262
standard,brightness_0,0.6933154211401773,0.9050101625204312,0.7706716081066304,0.6494056359775154,0.7562565531377587,0.7252833753148614,0.9165617128463476,0.7934508816120907,0.6782846216880632,0.7936826458565589
standard,brightness_1,0.6819475973106244,0.9041309185292352,0.7503022464610193,0.6368949494236703,0.7475737144424707,0.7150661209068011,0.9113664987405542,0.7783375314861462,0.6657470636438132,0.7864362690449647
standard,brightness_2,0.6665706421798864,0.8941073080826687,0.7391636205687946,0.6201650418107723,0.7363193991635593,0.7006454659949622,0.9016057934508817,0.7654282115869018,0.6480469816989893,0.7761426978818283
standard,brightness_3,0.6487511605101605,0.8732269039209635,0.7179200165994354,0.5982493070220449,0.7213487052358113,0.6841152392947103,0.8894836272040302,0.7488979848866498,0.6298825457525268,0.7619843924191749
standard,brightness_4,0.6250624379883083,0.8624504877874759,0.6950764255720601,0.5737980747872247,0.7035506279702298,0.6617285894206549,0.8781486146095718,0.7202455919395466,0.6030319584812893,0.7450018580453364
standard,contrast_0,0.6345870665836093,0.8726813322481444,0.7053793225979224,0.5712299905426782,0.7260197610655402,0.6708438287153652,0.8872795969773299,0.7318954659949622,0.6032777929527452,0.7668153102935711
standard,contrast_1,0.6017701461879197,0.8503341232353446,0.6621493709194483,0.5334871858230325,0.6984797035998659,0.6398772040302267,0.8658690176322418,0.6960012594458438,0.567112810707457,0.7428465254552211
standard,contrast_2,0.5440912289790852,0.8173848610746954,0.5881177807880174,0.46435535872081407,0.6586953258647837,0.5854219143576826,0.8312342569269522,0.6295654911838791,0.4990986069379951,0.7058714232627277
standard,contrast_3,0.40126999348792036,0.677677124335627,0.408417189326628,0.3000811305551794,0.5393566943826366,0.4442695214105794,0.7030856423173804,0.4593828715365239,0.33400710188473093,0.5956150130063175
standard,contrast_4,0.22151696700355428,0.44661457721776593,0.19574955415531756,0.12585240507589476,0.3506049209527869,0.2620906801007557,0.4881926952141058,0.24685138539042822,0.15446599289811527,0.4093273875882571
standard,elastic_transform_0,0.6462483127973692,0.8931834942153128,0.7151175798880357,0.5769848168487863,0.7412917362183472,0.6812972292191436,0.9011335012594458,0.7433879093198993,0.6101611581535099,0.7824972129319956
standard,elastic_transform_1,0.6156441595925091,0.8725107808685406,0.6736053509506809,0.5351164713522043,0.7282758355054654,0.6534005037783375,0.8861775818639799,0.7092254408060453,0.5704725484840208,0.7701969528056485
standard,elastic_transform_2,0.5684076335854112,0.8408123458217167,0.6173252412135181,0.4700003291570486,0.7060381442289574,0.6080761964735517,0.857367758186398,0.6534949622166247,0.506856050259492,0.7494611668524712
standard,elastic_transform_3,0.526720800824584,0.80928007339425,0.5633090189669926,0.41565631766007743,0.681714731256839,0.5683406801007556,0.8291876574307305,0.6081549118387909,0.4534826550122917,0.7280564845782237
standard,elastic_transform_4,0.47253406787670216,0.7649563899039089,0.49035103025455856,0.3452889989674264,0.6490698134760409,0.5158060453400504,0.7857367758186398,0.5398299748110831,0.38372029500136573,0.6985878855444073
standard,pixelate_0,0.6554002939791678,0.8832062785635951,0.728004327096148,0.5893228162276737,0.7523548086235029,0.689058564231738,0.898772040302267,0.7531486146095718,0.6177820267686424,0.7903753251579339
standard,pixelate_1,0.6418733750580142,0.8824808540285957,0.6964878174376267,0.5622561833004635,0.7498591186333895,0.6750314861460956,0.8916876574307305,0.726227959697733,0.5939087680961486,0.7895206243032329
standard,pixelate_2,0.5752782838116172,0.8304140200918947,0.6149279993262858,0.4588249888369492,0.737598978230435,0.611272040302267,0.8476070528967254,0.6490869017632241,0.4911499590275882,0.7785953177257524
standard,pixelate_3,0.49136910246853294,0.7472770018902511,0.5209140831479745,0.33445406690125434,0.704252495244291,0.5272984886649874,0.7673173803526449,0.5535264483627204,0.36670308658836387,0.7490152359717578
standard,pixelate_4,0.4267423490397667,0.6660044109241674,0.44454100621026255,0.2429289431459985,0.6721758729879987,0.45963476070528964,0.6854534005037783,0.47418136020151136,0.2707730128380224,0.7193979933110367
standard,jpeg_compression_0,0.6212123244723496,0.8623146325492353,0.6844514804392666,0.5360190547876907,0.7392779089863512,0.6551164987405541,0.8738979848866498,0.711272040302267,0.5678776290630976,0.7779264214046824
standard,jpeg_compression_1,0.5770893014599016,0.8304825787655675,0.6231871586456145,0.4729023301693444,0.718088961185783,0.6124999999999999,0.8400503778337531,0.6533375314861462,0.506391696257853,0.7606837606837608
standard,jpeg_compression_2,0.5523536900124553,0.8004228221329769,0.59172900654998,0.4352424328987391,0.7105271190804651,0.5859099496221662,0.8173803526448362,0.621536523929471,0.467768369298006,0.7497956150130063
standard,jpeg_compression_3,0.4684504025693782,0.718194436546062,0.4954633037121427,0.3253664709684595,0.6634597879144556,0.5023457178841308,0.7372481108312342,0.5280226700251889,0.35566785031412185,0.7044593088071348
standard,jpeg_compression_4,0.3802917319675493,0.6136382523029283,0.3920484373933046,0.22274211675237185,0.5895693099519745,0.4125787153652392,0.6350755667506297,0.42348866498740556,0.25173449877082765,0.6331103678929766
FGSMTraining,clean_0,0.6738896246876139,0.8934917811761143,0.749482128920048,0.6482991372788746,0.7156646515515215,0.7091624685138538,0.906801007556675,0.7761335012594458,0.6774651734498771,0.7567075436640653
FGSMTraining,gaussian_noise_0,0.6083221510697654,0.8509699063894912,0.6642548025620167,0.5625095209847119,0.6765352239832141,0.6455761964735516,0.868073047858942,0.6977329974811083,0.5927342256214149,0.7210330732069863
FGSMTraining,gaussian_noise_1,0.5619688919520378,0.818750676424289,0.6106988635616527,0.5029131634579085,0.6476961657640701,0.5987090680100755,0.8348551637279596,0.6442065491183879,0.533979786943458,0.689780750650316
FGSMTraining,gaussian_noise_2,0.48681377725402614,0.7554547112345606,0.5159093728129384,0.4117822932804296,0.593931071679922,0.5252518891687658,0.7778652392947103,0.5562027707808564,0.44201037967768364,0.6410628019323672
FGSMTraining,gaussian_noise_3,0.38570430419366625,0.666535495648642,0.39090753817411444,0.2935884503315609,0.5152193368509878,0.4280541561712846,0.6945843828715366,0.4360831234256927,0.32655012291723573,0.5675956893348197
FGSMTraining,gaussian_noise_4,0.26407051114198365,0.5099749342628302,0.2458051543944503,0.1632568368083362,0.4013194639845347,0.3031013853904282,0.5481738035264484,0.2929785894206549,0.19202403714832014,0.4555555555555556
FGSMTraining,shot_noise_0,0.6219928895107387,0.8616626524658872,0.6836654757879936,0.5787126660755829,0.6889187692552954,0.6592096977329975,0.8773614609571788,0.7159949622166247,0.6097787489756896,0.7303604607952434
FGSMTraining,shot_noise_1,0.5778306399961834,0.8391388628161647,0.6305051532543393,0.5222378249676525,0.6557938921625953,0.6149559193954661,0.8510705289672544,0.6657745591939547,0.5545206227806609,0.7000743218134523
FGSMTraining,shot_noise_2,0.5090427305547943,0.7865172966282007,0.543495239106122,0.44076046595274754,0.6060453127080293,0.5479219143576827,0.8019521410579346,0.5815491183879093,0.4721387599016662,0.6541434410999628
FGSMTraining,shot_noise_3,0.38953512628931675,0.6691788540121072,0.39789194836668135,0.2951689715695735,0.5207408632084176,0.4318324937027708,0.6986775818639799,0.4422229219143577,0.32969134116361654,0.5725380899293943
FGSMTraining,shot_noise_4,0.3123569052777528,0.5901614593683302,0.29441664517450045,0.21380289929010243,0.44718324754736893,0.3541719143576826,0.6212216624685138,0.34272670025188917,0.24553400710188472,0.5032329988851728
FGSMTraining,impulse_noise_0,0.5876668332679474,0.8300791692952365,0.6435110184966005,0.5377025626301456,0.6636671461584631,0.6252991183879093,0.8498110831234257,0.679471032745592,0.5679049440043704,0.7068376068376069
FGSMTraining,impulse_noise_1,0.536696254764742,0.7974622142588877,0.5769234340121271,0.4734889043685116,0.626089347274992,0.5735673803526449,0.815176322418136,0.6133501259445844,0.5024583447145587,0.6730955035302861
FGSMTraining,impulse_noise_2,0.4880162671711645,0.7639805578996355,0.513695289412487,0.4110712398130764,0.59557169606977,0.5270623425692695,0.7835327455919395,0.5577770780856424,0.4431849221524174,0.6436269044964698
FGSMTraining,impulse_noise_3,0.38288489755872024,0.6582742394974226,0.3822499288637092,0.28795153606023977,0.5176851241981112,0.4246536523929471,0.6849811083123426,0.4285264483627204,0.31944823818628787,0.5690821256038647
FGSMTraining,impulse_noise_4,0.2774356467690277,0.5285620997651787,0.256850119132789,0.17661050959039215,0.4132555053061619,0.3172858942065491,0.5665931989924433,0.3049433249370277,0.20718382955476647,0.46852471200297285
FGSMTraining,defocus_blur_0,0.5052679341158188,0.7949015523948729,0.533577217895865,0.40138365904664725,0.6461790023943171,0.5457965994962216,0.8120277078085643,0.5736775818639799,0.4382682327232996,0.6950575994054256
FGSMTraining,defocus_blur_1,0.4428875079932119,0.7410355851758824,0.4517139776945524,0.3193749520661497,0.6099446965060573,0.48543765743073053,0.7651133501259446,0.496536523929471,0.35744332149685876,0.6620587142326273
FGSMTraining,defocus_blur_2,0.3408214737877744,0.6239325184150101,0.32946954411174173,0.1962334351656785,0.533155802572272,0.3819426952141058,0.652235516372796,0.3773614609571788,0.22966402622234364,0.590449646971386
FGSMTraining,defocus_blur_3,0.2644852275419272,0.5184912086883543,0.2443776995595458,0.11985131291888987,0.4569916187550495,0.3041719143576826,0.5513224181360201,0.2907745591939547,0.1471729035782573,0.5187662578966926
FGSMTraining,defocus_blur_4,0.20649205416113922,0.42498462400504106,0.18035693002209982,0.07112503532074091,0.38433726244387206,0.241971032745592,0.4604848866498741,0.2249685138539043,0.09224255667850315,0.44637681159420295
FGSMTraining,glass_blur_0,0.5208515122845123,0.817161467869167,0.5634575296646611,0.42451705569907955,0.6530618791326945,0.5628148614609572,0.8348551637279596,0.6024874055415617,0.46285167986888825,0.7014492753623188
FGSMTraining,glass_blur_1,0.4759812094297118,0.7746568178956128,0.5020785939779335,0.36293176942487904,0.6292966147813813,0.51742758186398,0.7959697732997482,0.5429785894206549,0.40021851953018306,0.6796729840208101
FGSMTraining,glass_blur_2,0.3364224180997874,0.635947902177027,0.3257134798374469,0.18496124587298102,0.5345457332020546,0.3789829974811083,0.6642002518891688,0.3768891687657431,0.22187926795957388,0.594314381270903
FGSMTraining,glass_blur_3,0.31494698569914503,0.5958883229082299,0.30577867948901793,0.16331000974814083,0.516331273469463,0.35631297229219144,0.627676322418136,0.3524874055415617,0.19694072657743789,0.5743589743589743
FGSMTraining,glass_blur_4,0.24302073754146894,0.49879456076910395,0.2132188964303365,0.09850901010257242,0.43171674371313407,0.28181675062972295,0.5341624685138538,0.2654282115869018,0.12551215514886643,0.49539204756596067
FGSMTraining,motion_blur_0,0.5419381658801213,0.8281618081635046,0.5764894042714185,0.44639453495470904,0.675519962175757,0.5822418136020151,0.8460327455919395,0.6171284634760705,0.48257306746790496,0.7212560386473429
FGSMTraining,motion_blur_1,0.43241490963972423,0.7404784326891454,0.43733215554068283,0.29207748390547167,0.6188434282264568,0.4750629722921915,0.7611775818639799,0.48284005037783373,0.3320950559956296,0.6722408026755853
FGSMTraining,motion_blur_2,0.3057354448232345,0.5837212014480936,0.2839810027347867,0.14044222619512026,0.5203906805621795,0.3476857682619648,0.6182304785894207,0.3361146095717884,0.1763179459164163,0.582051282051282
FGSMTraining,motion_blur_3,0.20072371134324343,0.4357279660126695,0.1671852798947351,0.05311536335155758,0.39309768406277695,0.24042821158690178,0.47559823677581864,0.21772670025188917,0.07850314121824636,0.4612783351913786
FGSMTraining,motion_blur_4,0.15052724493994388,0.3540196781339215,0.10738205730182783,0.02605376160177898,0.3108116478543487,0.1839420654911839,0.39247481108312343,0.1544395465994962,0.043540016388964764,0.3752508361204013
FGSMTraining,zoom_blur_0,0.22501682173644635,0.44677434120660503,0.20327136639816742,0.0959593996579843,0.39841540151949567,0.2569426952141058,0.47087531486146095,0.2452770780856423,0.10895930073750344,0.45882571534745453
FGSMTraining,zoom_blur_1,0.15393136031420016,0.34537123225808614,0.12029933225857409,0.055823575931313284,0.2870655231689982,0.18419395465994964,0.37169395465994964,0.16325566750629722,0.06301556951652554,0.349424005945745
FGSMTraining,zoom_blur_2,0.1060735844978359,0.27374433656307257,0.06484532882858292,0.0367429618692269,0.20160165458216622,0.13483942065491186,0.3030541561712846,0.10516372795969774,0.04304834744605299,0.2600520252694166
FGSMTraining,zoom_blur_3,0.072547901552545,0.21452329272415593,0.029294433739581655,0.023781250494705572,0.1405109086707589,0.09817380352644836,0.24496221662468515,0.06360201511335013,0.02663206774105436,0.19572649572649575
FGSMTraining,zoom_blur_4,0.04662476197968067,0.16101049440719548,0.011874686680831541,0.016818675712354014,0.0895825415560681,0.06996221662468513,0.19852015113350127,0.035579345088161206,0.020021851953018303,0.13801560758082496
FGSMTraining,snow_0,0.5576136063878906,0.8188015020344778,0.6078382354120461,0.5160521900306055,0.6180405568102526,0.5961429471032745,0.8331234256926953,0.6462531486146096,0.5474187380497132,0.6649201040505387
FGSMTraining,snow_1,0.4414690736909377,0.722961867843815,0.46029696831332856,0.3872286930452658,0.5208597754090007,0.48191120906801005,0.7429156171284634,0.506139798488665,0.4178093417099153,0.5706800445930881
FGSMTraining,snow_2,0.41715350278601615,0.6990029878817612,0.4238308491084426,0.3777142740460311,0.4748728655493271,0.45930415617128456,0.7207178841309824,0.4722921914357683,0.4091505053264135,0.5287625418060201
FGSMTraining,snow_3,0.31242023945056485,0.5844574302268031,0.2978957449160167,0.27690282856154086,0.36621471637779623,0.35478589420654905,0.6157115869017632,0.3501259445843829,0.3065555859054903,0.4214790040876998
FGSMTraining,snow_4,0.32075875238763507,0.5938091027752435,0.3084321467537594,0.28335727653531867,0.37929576823458594,0.3646882871536524,0.6289357682619647,0.36272040302267,0.31384867522534826,0.43481976960237834
FGSMTraining,frost_0,0.5854777611975396,0.8391882413477477,0.6395900497434305,0.5403998193149804,0.6521362570999564,0.6241813602015114,0.857367758186398,0.6772670025188917,0.5728216334334881,0.6972872538089929
FGSMTraining,frost_1,0.4805682211366863,0.7635681708175475,0.5048927766939479,0.42528001990090475,0.5577539899940193,0.5230163727959698,0.7824307304785895,0.5503778337531486,0.4610762086861513,0.6090301003344482
FGSMTraining,frost_2,0.4016797285549734,0.6875383654622349,0.40290501767363646,0.345923770991667,0.4804715906862017,0.4445686397984888,0.7111146095717884,0.4529282115869018,0.37973231357552584,0.5336677814938684
FGSMTraining,frost_3,0.38035478118878924,0.6582620710169542,0.3818906675694267,0.3242013441116337,0.4600901367353619,0.4233469773299747,0.6892317380352645,0.43120277078085645,0.3579896203223163,0.513154960981048
FGSMTraining,frost_4,0.3306191392599747,0.6026481405432029,0.3235564919357811,0.2763416140190924,0.4077296074898369,0.3735831234256927,0.6322418136020151,0.375,0.30906856050259496,0.461984392419175
FGSMTraining,fog_0,0.48496045121805825,0.7749447548921934,0.5087400348941759,0.42436613983031163,0.5691162049453602,0.5276290931989924,0.7934508816120907,0.5560453400503779,0.46110352362742424,0.6203270159791899
FGSMTraining,fog_1,0.42429675137152933,0.7214329480694797,0.4331161609065062,0.364055492238468,0.5119639910054068,0.4691278337531486,0.7424433249370277,0.48677581863979846,0.39879814258399343,0.5664808621330361
FGSMTraining,fog_2,0.3687635068964306,0.6585723022675217,0.360403942218379,0.31011376888232073,0.4530769198024081,0.4133501259445843,0.6897040302267002,0.4153022670025189,0.3440863152144223,0.5089929394277222
FGSMTraining,fog_3,0.3688837463873936,0.6581415959061996,0.35993131441791537,0.31197943025427194,0.4506821532439821,0.41397984886649875,0.6897040302267002,0.4170340050377834,0.3460803059273423,0.5075436640654032
FGSMTraining,fog_4,0.30482773372821603,0.5831277470796022,0.27999189893672155,0.25783843577578613,0.37473821108225225,0.3490554156171285,0.6198047858942065,0.33879093198992444,0.2900846763179459,0.4301746562616128
FGSMTraining,brightness_0,0.6573543654154581,0.8831447545711719,0.7292958723275657,0.6214404654298147,0.7129656879780673,0.6920969773299748,0.8990869017632241,0.7581863979848866,0.650778475826277,0.7526198439241918
FGSMTraining,brightness_1,0.6489879518443836,0.8825944858183548,0.7175803433537938,0.6133924643531393,0.7063929785043891,0.6856423173803526,0.8945214105793451,0.7485831234256927,0.6431302922698717,0.7478260869565218
FGSMTraining,brightness_2,0.637095597247106,0.8725600632667716,0.695961433043286,0.5973441919083123,0.6944253508370657,0.6717411838790932,0.8869647355163728,0.729691435768262,0.6282982791587,0.7347826086956523
FGSMTraining,brightness_3,0.6121162894014673,0.8605820732125342,0.6712613929958255,0.5727243673025059,0.6715578621972681,0.6486146095717885,0.8720088161209067,0.7041876574307305,0.602868068833652,0.714678558156819
FGSMTraining,brightness_4,0.5801722328953233,0.8401875622962007,0.6303271837415282,0.5403294709774005,0.6408643614765438,0.6183249370277079,0.8517002518891688,0.6686083123425692,0.5709915323682054,0.6858788554440729
FGSMTraining,contrast_0,0.49149156154575685,0.7758932843933469,0.5193404012714503,0.43333217201255214,0.5770327091060938,0.5355321158690176,0.7977015113350125,0.5683249370277078,0.4685331876536466,0.6289111854329247
FGSMTraining,contrast_1,0.3943449209370917,0.6903583923220291,0.39785582316663026,0.3343891587416849,0.48278593089657285,0.4404439546599496,0.7194584382871536,0.45261335012594456,0.3689975416552854,0.5391675956893347
FGSMTraining,contrast_2,0.22825070469888986,0.48461588832813784,0.18977782936403878,0.1784281455225466,0.30185379009441904,0.27063916876574307,0.5244017632241813,0.2485831234256927,0.20827642720568149,0.3564102564102564
FGSMTraining,contrast_3,0.024185520893108336,0.0625887970231839,0.013521923620933522,0.017746107360593257,0.033347411146693214,0.03258816120906801,0.08611460957178842,0.01920654911838791,0.022316307019939908,0.046674098848011894
FGSMTraining,contrast_4,0.00462500258755173,0.009900990099009901,0.00165016501650165,0.005960140564027345,0.004457247458216663,0.0009445843828715364,0.002204030226700252,0.0006297229219143577,0.0009560229445506692,0.0009290226681531032
FGSMTraining,elastic_transform_0,0.601880353129319,0.8605525427997917,0.662878931759863,0.5373116664014048,0.6948685579291027,0.6398299748110832,0.8746851385390428,0.698205289672544,0.569980879541109,0.7384986993682646
FGSMTraining,elastic_transform_1,0.5774937978916431,0.8490196171618367,0.6300730540458309,0.5001447162474327,0.6862045909224763,0.6158690176322418,0.860044080604534,0.6690806045340051,0.5348265501229171,0.729319955406912
FGSMTraining,elastic_transform_2,0.5384302436068504,0.8183342994200296,0.5836951441213597,0.445019372137472,0.6673023851539143,0.5785421914357682,0.8348551637279596,0.6224811083123426,0.48229991805517625,0.7125603864734301
FGSMTraining,elastic_transform_3,0.5030425261234485,0.7962672589243726,0.53301137217552,0.3969468161075597,0.6480295237004111,0.5446945843828714,0.8123425692695214,0.5795025188916877,0.4351543294181918,0.6964697138610183
FGSMTraining,elastic_transform_4,0.4550452206696448,0.7521939693890682,0.4682977599566103,0.3321613246149658,0.6197013577277207,0.4976385390428212,0.7755037783375315,0.5184193954659949,0.37243922425566783,0.6705314009661836
FGSMTraining,pixelate_0,0.6247275039243851,0.8709771370005461,0.6941478377947562,0.5712869818016341,0.6981468365742953,0.6603904282115868,0.8805100755667506,0.7222921914357683,0.6035782573067467,0.7415830546265328
FGSMTraining,pixelate_1,0.6176346968074763,0.8707343760732441,0.6847150822207424,0.5644628256536034,0.6989873682563761,0.6552581863979849,0.8806675062972292,0.7164672544080605,0.5945916416279706,0.7415087328130806
FGSMTraining,pixelate_2,0.5760940335402503,0.8395698739054329,0.6303756091037361,0.495913750739391,0.6889386621046116,0.6144049118387909,0.8572103274559194,0.6618387909319899,0.5300737503414368,0.7325901151988108
FGSMTraining,pixelate_3,0.5173694496343979,0.7873723118180754,0.5498455163009217,0.409801308945831,0.6680103679102285,0.5559036523929471,0.809036523929471,0.5884760705289672,0.44176454520622777,0.7142697881828316
FGSMTraining,pixelate_4,0.47157871998421474,0.7444849968414484,0.4980006461481963,0.33685677577064593,0.6539436055848342,0.5079030226700251,0.7629093198992444,0.531801007556675,0.36804151871073476,0.7007803790412486
FGSMTraining,jpeg_compression_0,0.6157508291556332,0.8613677267268279,0.6757557352511555,0.5601618116670124,0.6996846486582661,0.6530384130982368,0.8795654911838791,0.7087531486146096,0.5915869980879541,0.7402824228911185
FGSMTraining,jpeg_compression_1,0.5998285851026718,0.8511602504483857,0.6632677224019771,0.5368164988184311,0.6914002495915723,0.6377518891687657,0.8690176322418136,0.6948992443324937,0.5689429117727397,0.7348569305091044
FGSMTraining,jpeg_compression_2,0.5876929006047499,0.8494641304347617,0.6423841695821259,0.5184800636743206,0.6882304289114348,0.6259130982367758,0.8614609571788413,0.6772670025188917,0.5510789401802787,0.7311036789297658
FGSMTraining,jpeg_compression_3,0.5493268631986277,0.8186812960991116,0.5976812070465398,0.4621480592109572,0.669078410415701,0.5876731738035265,0.8348551637279596,0.6308249370277078,0.49655831739961753,0.7144555927164623
FGSMTraining,jpeg_compression_4,0.4995310167646924,0.7755682942556101,0.5346487109372685,0.3926633041082567,0.6433218250686104,0.5377676322418136,0.7915617128463476,0.5702141057934509,0.42758809068560505,0.6897435897435897
